names,Assay Type,AvgSpotLen,Bases,BioSample,Bytes,Experiment,isolate,create_date,sample_name,block,
SRR11917047,AMPLICON,594,11822968,SAMN15057922,8209256,SRX8463819,419rtWZ2017,2020-06-03T12:08:00Z,1146,6,
SRR11917048,AMPLICON,584,28665283,SAMN15057921,20111018,SRX8463818,719urFR2017,2020-06-03T12:08:00Z,1146,5,
SRR11917049,AMPLICON,592,9746791,SAMN15057920,6907523,SRX8463817,57kyGY2017,2020-06-03T12:08:00Z,1146,3,
SRR11917050,AMPLICON,593,8513798,SAMN15057919,6011504,SRX8463816,137xvLO2017,2020-06-03T12:08:00Z,1146,2,
SRR11917051,AMPLICON,574,15826159,SAMN15057856,11081594,SRX8463815,468nhNZ2017,2020-06-03T12:08:00Z,1105,5,
SRR11917052,AMPLICON,593,4130933,SAMN15057918,3056745,SRX8463814,887srVQ2017,2020-06-03T12:08:00Z,1146,2,
SRR11917053,AMPLICON,582,4901625,SAMN15057917,2693992,SRX8463813,686zfQO2017,2020-06-03T12:08:00Z,1146,8,
SRR11917054,AMPLICON,587,3633356,SAMN15057916,2000274,SRX8463812,829xaHX2017,2020-06-03T12:08:00Z,1146,7,
SRR11917055,AMPLICON,516,1820710,SAMN15057915,1067096,SRX8463811,459evOH2017,2020-06-03T12:08:00Z,1146,5,
SRR11917056,AMPLICON,535,6091209,SAMN15057914,3269419,SRX8463810,180mnOX2017,2020-06-03T12:08:00Z,1146,4,
SRR11917057,AMPLICON,558,444871,SAMN15057913,326100,SRX8463809,771qfFC2017,2020-06-03T12:08:00Z,1146,3,
SRR11917058,AMPLICON,588,2249606,SAMN15057912,1277819,SRX8463808,822imKI2017,2020-06-03T12:08:00Z,1146,2,
SRR11917059,AMPLICON,579,1138923,SAMN15057911,728193,SRX8463807,901whLN2017,2020-06-03T12:08:00Z,1146,1,
SRR11917060,AMPLICON,589,8589824,SAMN15057910,6023417,SRX8463806,10xwRQ2017,2020-06-03T12:08:00Z,1131,6,
SRR11917061,AMPLICON,589,10081457,SAMN15057909,7035886,SRX8463805,722joXZ2017,2020-06-03T12:08:00Z,1131,5,
SRR11917062,AMPLICON,593,6911931,SAMN15057855,5020795,SRX8463804,784zgPI2017,2020-06-03T12:08:00Z,1105,3,
SRR11917063,AMPLICON,583,9126997,SAMN15057908,6555876,SRX8463803,728yiLB2017,2020-06-03T12:08:00Z,1131,3,
SRR11917064,AMPLICON,590,14244684,SAMN15057907,9959460,SRX8463802,652elNZ2017,2020-06-03T12:08:00Z,1131,2,
SRR11917065,AMPLICON,580,91143,SAMN15057906,130404,SRX8463801,289wsYP2017,2020-06-03T12:08:00Z,1131,8,
SRR11917066,AMPLICON,587,4714761,SAMN15057905,2594921,SRX8463800,455ctAU2017,2020-06-03T12:08:00Z,1131,7,
SRR11917067,AMPLICON,516,7134784,SAMN15057904,3986389,SRX8463799,597xjJP2017,2020-06-03T12:08:00Z,1131,1,
SRR11917068,AMPLICON,593,12678461,SAMN15057903,8940138,SRX8463798,615snRF2017,2020-06-03T12:08:00Z,1127,9,
SRR11917069,AMPLICON,588,11784506,SAMN15057902,8255941,SRX8463797,312vwPT2017,2020-06-03T12:09:00Z,1127,6,
SRR11917070,AMPLICON,592,32203662,SAMN15057901,22482382,SRX8463796,565krWL2017,2020-06-03T12:09:00Z,1127,5,
SRR11917071,AMPLICON,593,8118835,SAMN15057900,5672388,SRX8463795,696suJT2017,2020-06-03T12:08:00Z,1127,3,
SRR11917072,AMPLICON,593,11787705,SAMN15057899,8285501,SRX8463794,765dwGB2017,2020-06-03T12:08:00Z,1127,2,
SRR11917073,AMPLICON,594,7912176,SAMN15057854,5711138,SRX8463793,833frHE2017,2020-06-03T12:08:00Z,1105,2,
SRR11917074,AMPLICON,597,24503,SAMN15057898,99982,SRX8463792,936svDG2017,2020-06-03T12:08:00Z,1127,8,
SRR11917075,AMPLICON,588,4364679,SAMN15057897,2397455,SRX8463791,757kyEB2017,2020-06-03T12:08:00Z,1127,7,
SRR11917076,AMPLICON,586,17150573,SAMN15057896,9176641,SRX8463790,206orZO2017,2020-06-03T12:09:00Z,1127,4,
SRR11917077,AMPLICON,585,1134510,SAMN15057895,679660,SRX8463789,550dtTQ2017,2020-06-03T12:08:00Z,1127,3,
SRR11917078,AMPLICON,586,3247979,SAMN15057894,1805695,SRX8463788,196ykOX2017,2020-06-03T12:08:00Z,1127,2,
SRR11917079,AMPLICON,586,5169496,SAMN15058094,2795804,SRX8463787,657rfZL2017,2020-06-03T12:08:00Z,1355,3,
SRR11917080,AMPLICON,585,3821056,SAMN15058093,2177293,SRX8463786,135mlKX2017,2020-06-03T12:08:00Z,1355,2,
SRR11917081,AMPLICON,585,7333867,SAMN15058092,4007500,SRX8463785,134cbMR2017,2020-06-03T12:08:00Z,1355,10,
SRR11917082,AMPLICON,584,2829313,SAMN15058091,1633765,SRX8463784,710tvAC2017,2020-06-03T12:08:00Z,1355,1,
SRR11917083,AMPLICON,592,26907900,SAMN15058090,18635368,SRX8463783,742snGM2017,2020-06-03T12:09:00Z,1351,9,
SRR11917084,AMPLICON,584,8096504,SAMN15058089,5781933,SRX8463782,838ecNR2017,2020-06-03T12:08:00Z,1351,6,
SRR11917085,AMPLICON,583,4671051,SAMN15057873,2552277,SRX8463781,866zmNH2017,2020-06-03T12:08:00Z,1117,5,
SRR11917086,AMPLICON,585,14251785,SAMN15058088,9942396,SRX8463780,510zwXS2017,2020-06-03T12:09:00Z,1351,5,
SRR11917087,AMPLICON,590,9779851,SAMN15058087,6951511,SRX8463779,569izAN2017,2020-06-03T12:09:00Z,1351,3,
SRR11917088,AMPLICON,593,7193286,SAMN15058086,5143258,SRX8463778,406zzRT2017,2020-06-03T12:08:00Z,1351,2,
SRR11917089,AMPLICON,577,11013522,SAMN15058085,7841217,SRX8463777,195soQP2017,2020-06-03T12:09:00Z,1351,9,
SRR11917090,AMPLICON,594,4814865,SAMN15058084,3489002,SRX8463776,298krIA2017,2020-06-03T12:08:00Z,1351,2,
SRR11917091,AMPLICON,584,4115709,SAMN15058083,2251825,SRX8463775,627fxGZ2017,2020-06-03T12:08:00Z,1351,8,
SRR11917092,AMPLICON,556,3341,SAMN15058082,83198,SRX8463774,933gjDO2017,2020-06-03T12:08:00Z,1351,7,
SRR11917093,AMPLICON,543,5811906,SAMN15058081,3247377,SRX8463773,600mjEG2017,2020-06-03T12:08:00Z,1351,4,
SRR11917094,AMPLICON,550,2613224,SAMN15058080,1498465,SRX8463772,745qdDM2017,2020-06-03T12:08:00Z,1351,3,
SRR11917095,AMPLICON,578,3879257,SAMN15058079,2231316,SRX8463771,393cmLU2017,2020-06-03T12:08:00Z,1351,1,
SRR11917096,AMPLICON,579,10503755,SAMN15057872,5510275,SRX8463770,288zhPR2017,2020-06-03T12:09:00Z,1117,4,
SRR11917097,AMPLICON,592,9083121,SAMN15058078,6399026,SRX8463769,958cwQP2017,2020-06-03T12:09:00Z,1348,9,
SRR11917098,AMPLICON,594,14160413,SAMN15058077,9981189,SRX8463768,946fyHV2017,2020-06-03T12:09:00Z,1348,6,
SRR11917099,AMPLICON,593,21551125,SAMN15058076,14898932,SRX8463767,599ovBY2017,2020-06-03T12:09:00Z,1348,5,
SRR11917100,AMPLICON,593,11122554,SAMN15058075,7910562,SRX8463766,481zbUY2017,2020-06-03T12:09:00Z,1348,3,
SRR11917101,AMPLICON,594,6652091,SAMN15058074,4741867,SRX8463765,701zoCU2017,2020-06-03T12:09:00Z,1348,2,
SRR11917102,AMPLICON,584,5061393,SAMN15058073,2759696,SRX8463764,500lrFG2017,2020-06-03T12:09:00Z,1348,8,
SRR11917103,AMPLICON,589,7108487,SAMN15058072,3916203,SRX8463763,799suQX2017,2020-06-03T12:09:00Z,1348,7,
SRR11917104,AMPLICON,567,43130754,SAMN15058071,23847288,SRX8463762,541coKS2017,2020-06-03T12:09:00Z,1348,5,
SRR11917105,AMPLICON,579,8807174,SAMN15058070,4718367,SRX8463761,176ayOJ2017,2020-06-03T12:09:00Z,1348,4,
SRR11917106,AMPLICON,565,825015,SAMN15058069,532880,SRX8463760,579aeFK2017,2020-06-03T12:08:00Z,1348,3,
SRR11917107,AMPLICON,584,4537642,SAMN15057871,2551823,SRX8463759,487fzJW2017,2020-06-03T12:09:00Z,1117,3,
SRR11917108,AMPLICON,523,113065,SAMN15058068,143263,SRX8463758,172ijRY2017,2020-06-03T12:08:00Z,1348,10,
SRR11917109,AMPLICON,578,2434099,SAMN15058067,1437795,SRX8463757,939ozUI2017,2020-06-03T12:09:00Z,1348,1,
SRR11917110,AMPLICON,590,13403113,SAMN15058066,9369331,SRX8463756,767kcLK2017,2020-06-03T12:09:00Z,1331,6,
SRR11917111,AMPLICON,574,6015875,SAMN15058008,3182382,SRX8463755,454hgLU2017,2020-06-03T12:09:00Z,1255,4,
SRR11917112,AMPLICON,553,590578,SAMN15058007,407195,SRX8463754,361vnSJ2017,2020-06-03T12:09:00Z,1255,2,
SRR11917113,AMPLICON,590,5336052,SAMN15058006,3136868,SRX8463753,352igUG2017,2020-06-03T12:09:00Z,1255,1,
SRR11917114,AMPLICON,591,10281992,SAMN15058005,7322940,SRX8463752,309vmYD2017,2020-06-03T12:09:00Z,1242,9,
SRR11917115,AMPLICON,585,10872825,SAMN15058004,7790956,SRX8463751,246bfDE2017,2020-06-03T12:09:00Z,1242,6,
SRR11917116,AMPLICON,588,20683924,SAMN15058003,14559955,SRX8463750,368efVD2017,2020-06-03T12:09:00Z,1242,5,
SRR11917117,AMPLICON,593,4795864,SAMN15058002,3512224,SRX8463749,190tqRV2017,2020-06-03T12:09:00Z,1242,3,
SRR11917118,AMPLICON,593,5514651,SAMN15058001,3969428,SRX8463748,626kxGQ2017,2020-06-03T12:09:00Z,1242,2,
SRR11917119,AMPLICON,589,9783849,SAMN15058000,6926661,SRX8463747,740nbTH2017,2020-06-03T12:09:00Z,1242,2,
SRR11917120,AMPLICON,585,3728262,SAMN15057999,2041399,SRX8463746,430riDJ2017,2020-06-03T12:09:00Z,1242,8,D
SRR11917121,AMPLICON,594,6687975,SAMN15057864,4850176,SRX8463745,176alBM2017,2020-06-03T12:09:00Z,1111,3,
SRR11917122,AMPLICON,573,5681703,SAMN15057998,3187677,SRX8463744,460wiQB2017,2020-06-03T12:09:00Z,1242,8,
SRR11917123,AMPLICON,588,4953126,SAMN15057997,2712097,SRX8463743,398heUQ2017,2020-06-03T12:09:00Z,1242,7,
SRR11917124,AMPLICON,573,12275736,SAMN15057996,6712088,SRX8463742,501hhPM2017,2020-06-03T12:09:00Z,1242,4,
SRR11917125,AMPLICON,590,4133,SAMN15057995,84076,SRX8463741,488haEE2017,2020-06-03T12:09:00Z,1242,3,
SRR11917126,AMPLICON,565,1645519,SAMN15057994,1000009,SRX8463740,31cfOW2017,2020-06-03T12:09:00Z,1242,1,
SRR11917127,AMPLICON,594,14884272,SAMN15057993,10419379,SRX8463739,87zwUA2017,2020-06-03T12:09:00Z,1238,9,
SRR11917128,AMPLICON,593,5541784,SAMN15057992,3928698,SRX8463738,651ulRT2017,2020-06-03T12:09:00Z,1238,6,
SRR11917129,AMPLICON,590,9335983,SAMN15057991,6442735,SRX8463737,747aqKB2017,2020-06-03T12:09:00Z,1238,5,
SRR11917130,AMPLICON,594,9147596,SAMN15057990,6509989,SRX8463736,751hdDS2017,2020-06-03T12:09:00Z,1238,3,
SRR11917131,AMPLICON,593,9382869,SAMN15057989,6595235,SRX8463735,323blGU2017,2020-06-03T12:09:00Z,1238,2,
SRR11917132,AMPLICON,591,8565928,SAMN15057863,6069288,SRX8463734,781haAC2017,2020-06-03T12:09:00Z,1111,2,
SRR11917133,AMPLICON,591,14175554,SAMN15057988,9951379,SRX8463733,864nuSA2017,2020-06-03T12:09:00Z,1238,5,
SRR11917134,AMPLICON,588,67717,SAMN15057987,118001,SRX8463732,866kzBN2017,2020-06-03T12:09:00Z,1238,8,
SRR11917135,AMPLICON,586,14299884,SAMN15057986,7875206,SRX8463731,948exER2017,2020-06-03T12:09:00Z,1238,4,
SRR11917136,AMPLICON,587,1153063,SAMN15057985,710959,SRX8463730,582rpJO2017,2020-06-03T12:09:00Z,1238,3,
SRR11917137,AMPLICON,588,3457246,SAMN15057984,1967617,SRX8463729,358usSO2017,2020-06-03T12:09:00Z,1238,2,
SRR11917138,AMPLICON,586,3903262,SAMN15057983,2261176,SRX8463728,533yxWU2017,2020-06-03T12:09:00Z,1238,1,
SRR11917139,AMPLICON,592,9589805,SAMN15057982,6758611,SRX8463727,620dtOY2017,2020-06-03T12:09:00Z,1231,9,
SRR11917140,AMPLICON,591,9982031,SAMN15057981,6963515,SRX8463726,226qcAR2017,2020-06-03T12:09:00Z,1231,6,
SRR11917141,AMPLICON,589,13127047,SAMN15057980,9300651,SRX8463725,129ftPS2017,2020-06-03T12:09:00Z,1231,5,
SRR11917142,AMPLICON,592,6602152,SAMN15057979,4636265,SRX8463724,791wrML2017,2020-06-03T12:09:00Z,1231,3,
SRR11917143,AMPLICON,592,2370,SAMN15058037,81926,SRX8463723,815jzXC2017,2020-06-03T12:09:00Z,1320,1,
SRR11917144,AMPLICON,562,15308540,SAMN15058036,10846493,SRX8463722,151qmBE2017,2020-06-03T12:09:00Z,1319,9,
SRR11917145,AMPLICON,591,7233129,SAMN15058035,5182614,SRX8463721,457krAF2017,2020-06-03T12:09:00Z,1319,6,
SRR11917146,AMPLICON,571,9298185,SAMN15058034,6628051,SRX8463720,409drZG2017,2020-06-03T12:09:00Z,1319,5,
SRR11917147,AMPLICON,592,10137205,SAMN15058033,7047210,SRX8463719,137wlZD2017,2020-06-03T12:09:00Z,1319,3,
SRR11917148,AMPLICON,593,6344556,SAMN15058032,4578923,SRX8463718,402uvNF2017,2020-06-03T12:09:00Z,1319,2,
SRR11917149,AMPLICON,590,7059431,SAMN15058031,4183367,SRX8463717,893qqXH2017,2020-06-03T12:09:00Z,1319,8,
SRR11917150,AMPLICON,583,3623704,SAMN15058030,2059446,SRX8463716,296iyQO2017,2020-06-03T12:09:00Z,1319,7,
SRR11917151,AMPLICON,579,4735310,SAMN15058029,2732078,SRX8463715,83qqWM2017,2020-06-03T12:09:00Z,1319,4,
SRR11917152,AMPLICON,594,8633790,SAMN15057867,6237764,SRX8463714,17hjQF2017,2020-06-03T12:09:00Z,1111,9,
SRR11917153,AMPLICON,274,84539,SAMN15058028,128267,SRX8463713,826cuKA2017,2020-06-03T12:09:00Z,1319,10,
SRR11917154,AMPLICON,566,3686427,SAMN15058027,2120223,SRX8463712,636tdLD2017,2020-06-03T12:09:00Z,1319,1,
SRR11917155,AMPLICON,519,6059123,SAMN15058026,3356985,SRX8463711,751snGP2017,2020-06-03T12:09:00Z,1311,4,
SRR11917156,AMPLICON,594,11410652,SAMN15058025,8504211,SRX8463710,174nlRH2017,2020-06-03T12:09:00Z,1308,9,
SRR11917157,AMPLICON,594,14209788,SAMN15058024,9884404,SRX8463709,191bvBV2017,2020-06-03T12:09:00Z,1308,6,
SRR11917158,AMPLICON,587,13603144,SAMN15058023,9577160,SRX8463708,829elVU2017,2020-06-03T12:09:00Z,1308,5,
SRR11917159,AMPLICON,593,11106241,SAMN15058022,7831993,SRX8463707,438deHY2017,2020-06-03T12:09:00Z,1308,3,
SRR11917160,AMPLICON,595,5263918,SAMN15058021,3829107,SRX8463706,530vsJA2017,2020-06-03T12:09:00Z,1308,2,
SRR11917161,AMPLICON,588,3860952,SAMN15058020,2130341,SRX8463705,901ykCH2017,2020-06-03T12:09:00Z,1308,8,
SRR11917162,AMPLICON,585,22838,SAMN15058019,95388,SRX8463704,964smOA2017,2020-06-03T12:09:00Z,1308,7,
SRR11917163,AMPLICON,594,26550609,SAMN15057866,18367977,SRX8463703,838ayJL2017,2020-06-03T12:09:00Z,1111,6,
SRR11917164,AMPLICON,527,30352424,SAMN15058018,16182731,SRX8463702,630asAS2017,2020-06-03T12:09:00Z,1308,4,
SRR11917165,AMPLICON,566,2588989,SAMN15058017,1524865,SRX8463701,876awBZ2017,2020-06-03T12:09:00Z,1308,3,
SRR11917166,AMPLICON,588,3575593,SAMN15058016,1966441,SRX8463700,409kdYF2017,2020-06-03T12:09:00Z,1308,2,
SRR11917167,AMPLICON,565,1944961,SAMN15058015,1129441,SRX8463699,875frOM2017,2020-06-03T12:09:00Z,1308,1,
SRR11917168,AMPLICON,594,7291619,SAMN15058014,5344422,SRX8463698,261slVE2017,2020-06-03T12:09:00Z,1255,6,
SRR11917169,AMPLICON,589,25470208,SAMN15058013,17741097,SRX8463697,806apGI2017,2020-06-03T12:09:00Z,1255,5,
SRR11917170,AMPLICON,592,13157262,SAMN15058012,9305283,SRX8463696,418usKS2017,2020-06-03T12:09:00Z,1255,3,
SRR11917171,AMPLICON,592,6953058,SAMN15058011,4950030,SRX8463695,13piTE2017,2020-06-03T12:09:00Z,1255,2,
SRR11917172,AMPLICON,587,5129247,SAMN15058010,2806603,SRX8463694,96wjMX2017,2020-06-03T12:09:00Z,1255,8,
SRR11917173,AMPLICON,591,8867,SAMN15058009,87289,SRX8463693,954ozEA2017,2020-06-03T12:09:00Z,1255,7,
SRR11917174,AMPLICON,572,14524435,SAMN15057865,10410429,SRX8463692,165ztOU2017,2020-06-03T12:09:00Z,1111,5,
SRR11917175,AMPLICON,581,3383323,SAMN15057893,1932915,SRX8463691,625fvIP2017,2020-06-03T12:09:00Z,1127,1,
SRR11917176,AMPLICON,592,42821476,SAMN15057892,30094968,SRX8463690,717dmOZ2017,2020-06-03T12:09:00Z,1119,9,
SRR11917177,AMPLICON,589,10924430,SAMN15057891,7773107,SRX8463689,658exMX2017,2020-06-03T12:09:00Z,1119,6,
SRR11917178,AMPLICON,589,16166769,SAMN15057890,11273633,SRX8463688,654foRA2017,2020-06-03T12:09:00Z,1119,5,
SRR11917179,AMPLICON,593,7877838,SAMN15057889,5594856,SRX8463687,897yhEH2017,2020-06-03T12:09:00Z,1119,3,
SRR11917180,AMPLICON,589,1034785,SAMN15057853,653679,SRX8463686,72efLP2017,2020-06-03T12:09:00Z,1105,9,
SRR11917181,AMPLICON,593,10673436,SAMN15057888,7568517,SRX8463685,971jzKT2017,2020-06-03T12:09:00Z,1119,2,
SRR11917182,AMPLICON,582,25051,SAMN15057887,98235,SRX8463684,881qhTT2017,2020-06-03T12:09:00Z,1119,8,
SRR11917183,AMPLICON,580,181019,SAMN15057886,178194,SRX8463683,231smEC2017,2020-06-03T12:09:00Z,1119,8,
SRR11917184,AMPLICON,525,11818246,SAMN15057885,6222874,SRX8463682,946xsBU2017,2020-06-03T12:09:00Z,1119,4,
SRR11917185,AMPLICON,576,1297476,SAMN15057884,776738,SRX8463681,541pgYJ2017,2020-06-03T12:09:00Z,1119,3,
SRR11917186,AMPLICON,564,6340344,SAMN15057883,3593690,SRX8463680,92zcHQ2017,2020-06-03T12:09:00Z,1119,2,
SRR11917187,AMPLICON,570,2105869,SAMN15057882,1229883,SRX8463679,455reXM2017,2020-06-03T12:09:00Z,1119,1,
SRR11917188,AMPLICON,585,14200122,SAMN15057881,9868322,SRX8463678,875apJO2017,2020-06-03T12:09:00Z,1117,9,
SRR11917189,AMPLICON,593,7978316,SAMN15057880,5703805,SRX8463677,561cjTW2017,2020-06-03T12:09:00Z,1117,6,
SRR11917190,AMPLICON,586,13062241,SAMN15057879,9006287,SRX8463676,108boPC2017,2020-06-03T12:09:00Z,1117,5,
SRR11917191,AMPLICON,575,98461,SAMN15057852,138162,SRX8463675,508ydGG2017,2020-06-03T12:09:00Z,1105,8,
SRR11917192,AMPLICON,593,6359179,SAMN15057878,4535038,SRX8463674,717xnUJ2017,2020-06-03T12:09:00Z,1117,3,
SRR11917193,AMPLICON,594,4493343,SAMN15057877,3169590,SRX8463673,879qoUW2017,2020-06-03T12:09:00Z,1117,2,
SRR11917194,AMPLICON,594,14703441,SAMN15057876,10392505,SRX8463672,440npCS2017,2020-06-03T12:09:00Z,1117,6,
SRR11917195,AMPLICON,585,82489,SAMN15057875,137310,SRX8463671,379peMC2017,2020-06-03T12:09:00Z,1117,7,
SRR11917196,AMPLICON,572,9930797,SAMN15058104,7088548,SRX8463670,163ykNC2017,2020-06-03T12:09:00Z,1355,9,
SRR11917197,AMPLICON,581,8360250,SAMN15058103,5940057,SRX8463669,606yiXD2017,2020-06-03T12:09:00Z,1355,6,
SRR11917198,AMPLICON,577,13397446,SAMN15058102,9443278,SRX8463668,931nzBJ2017,2020-06-03T12:09:00Z,1355,5,
SRR11917199,AMPLICON,594,4991289,SAMN15058101,3591163,SRX8463667,890aeNQ2017,2020-06-03T12:09:00Z,1355,3,
SRR11917200,AMPLICON,594,9266156,SAMN15058100,6581012,SRX8463666,58yfLM2017,2020-06-03T12:09:00Z,1355,2,
SRR11917201,AMPLICON,584,6186602,SAMN15058099,3316021,SRX8463665,114ldUM2017,2020-06-03T12:09:00Z,1355,8,
SRR11917202,AMPLICON,583,25965040,SAMN15057874,13816893,SRX8463664,212kiDX2017,2020-06-03T12:09:00Z,1117,6,
SRR11917203,AMPLICON,586,5550825,SAMN15058098,3107211,SRX8463663,50dpMB2017,2020-06-03T12:09:00Z,1355,7,
SRR11917204,AMPLICON,587,76976,SAMN15058097,127785,SRX8463662,309dxHH2017,2020-06-03T12:09:00Z,1355,6,
SRR11917205,AMPLICON,585,4351805,SAMN15058096,2496260,SRX8463661,699dkYG2017,2020-06-03T12:09:00Z,1355,5,
SRR11917206,AMPLICON,586,7047944,SAMN15058095,3745789,SRX8463660,594jyQY2017,2020-06-03T12:09:00Z,1355,4,
SRR11917207,AMPLICON,593,16949430,SAMN15058065,11793342,SRX8463659,871xuYK2017,2020-06-03T12:09:00Z,1331,5,
SRR11917208,AMPLICON,584,9055010,SAMN15058064,6504312,SRX8463658,431skEE2017,2020-06-03T12:09:00Z,1331,3,
SRR11917209,AMPLICON,590,16956508,SAMN15058063,12125563,SRX8463657,447nwSM2017,2020-06-03T12:09:00Z,1331,2,
SRR11917210,AMPLICON,586,27337759,SAMN15058062,18813025,SRX8463656,513mqDP2017,2020-06-03T12:09:00Z,1331,5,
SRR11917211,AMPLICON,587,6072539,SAMN15058061,3323780,SRX8463655,866onGW2017,2020-06-03T12:09:00Z,1331,8,
SRR11917212,AMPLICON,505,6070,SAMN15058060,86321,SRX8463654,633ezDM2017,2020-06-03T12:09:00Z,1331,7,
SRR11917213,AMPLICON,498,9076573,SAMN15058059,4848423,SRX8463653,541foHJ2017,2020-06-03T12:09:00Z,1331,4,
SRR11917214,AMPLICON,584,8762,SAMN15057870,87386,SRX8463652,502nhTI2017,2020-06-03T12:09:00Z,1117,2,
SRR11917215,AMPLICON,581,2227200,SAMN15058058,1308620,SRX8463651,71zpMY2017,2020-06-03T12:09:00Z,1331,1,
SRR11917216,AMPLICON,590,11506639,SAMN15058057,7942945,SRX8463650,462gbMO2017,2020-06-03T12:09:00Z,1330,9,
SRR11917217,AMPLICON,520,7133027,SAMN15058056,5075222,SRX8463649,24gsYJ2017,2020-06-03T12:09:00Z,1330,5,
SRR11917218,AMPLICON,592,8464146,SAMN15058055,6061202,SRX8463648,86yaRS2017,2020-06-03T12:09:00Z,1330,3,
SRR11917219,AMPLICON,591,7185043,SAMN15058054,5101575,SRX8463647,184riGS2017,2020-06-03T12:09:00Z,1330,2,
SRR11917220,AMPLICON,589,5182565,SAMN15058053,3817351,SRX8463646,367ktBM2017,2020-06-03T12:09:00Z,1330,6,
SRR11917221,AMPLICON,585,5799056,SAMN15058052,3241419,SRX8463645,30rdHT2017,2020-06-03T12:09:00Z,1330,8,
SRR11917222,AMPLICON,573,21225,SAMN15058051,92642,SRX8463644,260mrVU2017,2020-06-03T12:09:00Z,1330,7,
SRR11917223,AMPLICON,561,3468408,SAMN15058050,1977951,SRX8463643,393ksKC2017,2020-06-03T12:09:00Z,1330,4,
SRR11917224,AMPLICON,551,4129937,SAMN15058049,2366842,SRX8463642,296ipJR2017,2020-06-03T12:09:00Z,1330,1,
SRR11917225,AMPLICON,325,9108,SAMN15057869,87438,SRX8463641,172lbWZ2017,2020-06-03T12:09:00Z,1117,10,
SRR11917226,AMPLICON,509,10064018,SAMN15057851,5379757,SRX8463640,511ptHQ2017,2020-06-03T12:09:00Z,1105,4,
SRR11917227,AMPLICON,592,6161709,SAMN15058048,4494518,SRX8463639,883txWG2017,2020-06-03T12:09:00Z,1320,6,
SRR11917228,AMPLICON,594,9405461,SAMN15058047,6632782,SRX8463638,887ybOE2017,2020-06-03T12:09:00Z,1320,5,
SRR11917229,AMPLICON,594,8464187,SAMN15058046,6108187,SRX8463637,765xrXB2017,2020-06-03T12:09:00Z,1320,3,
SRR11917230,AMPLICON,594,8905426,SAMN15058045,6341221,SRX8463636,221cpHF2017,2020-06-03T12:09:00Z,1320,2,
SRR11917231,AMPLICON,587,4744555,SAMN15058044,2705519,SRX8463635,420ouBO2017,2020-06-03T12:09:00Z,1320,8,
SRR11917232,AMPLICON,590,18299,SAMN15058043,92760,SRX8463634,433gkXF2017,2020-06-03T12:09:00Z,1320,7,
SRR11917233,AMPLICON,488,1507770,SAMN15058042,905981,SRX8463633,688owEX2017,2020-06-03T12:09:00Z,1320,6,
SRR11917234,AMPLICON,549,6579740,SAMN15058041,3654689,SRX8463632,246xnQL2017,2020-06-03T12:09:00Z,1320,5,
SRR11917235,AMPLICON,585,11432481,SAMN15058040,6275004,SRX8463631,363ewXY2017,2020-06-03T12:09:00Z,1320,4,
SRR11917236,AMPLICON,596,22669,SAMN15058039,96721,SRX8463630,95qyRL2017,2020-06-03T12:09:00Z,1320,3,
SRR11917237,AMPLICON,426,1707,SAMN15057868,83335,SRX8463629,406jlMT2017,2020-06-03T12:09:00Z,1117,1,
SRR11917238,AMPLICON,589,19375084,SAMN15058038,10492347,SRX8463628,840koHH2017,2020-06-03T12:09:00Z,1320,2,
SRR11917239,AMPLICON,589,38612551,SAMN15057862,21281963,SRX8463627,732bxFM2017,2020-06-03T12:09:00Z,1111,7,
SRR11917240,AMPLICON,593,20648518,SAMN15057978,14370117,SRX8463626,317ekGQ2017,2020-06-03T12:09:00Z,1231,2,
SRR11917241,AMPLICON,584,3426512,SAMN15057977,1903889,SRX8463625,929fyQD2017,2020-06-03T12:09:00Z,1231,8,
SRR11917242,AMPLICON,587,42293234,SAMN15057976,22326963,SRX8463624,173pdPX2017,2020-06-03T12:10:00Z,1231,7,
SRR11917243,AMPLICON,549,1968875,SAMN15057975,1121888,SRX8463623,716iuFF2017,2020-06-03T12:09:00Z,1231,5,
SRR11917244,AMPLICON,585,7338543,SAMN15057974,3917935,SRX8463622,326rdOZ2017,2020-06-03T12:09:00Z,1231,4,
SRR11917245,AMPLICON,578,5787016,SAMN15057973,3169202,SRX8463621,148xxBN2017,2020-06-03T12:09:00Z,1231,3,
SRR11917246,AMPLICON,583,4002626,SAMN15057972,2237915,SRX8463620,758kzRF2017,2020-06-03T12:09:00Z,1231,2,
SRR11917247,AMPLICON,572,78477,SAMN15057971,126528,SRX8463619,690zmSB2017,2020-06-03T12:09:00Z,1231,10,
SRR11917248,AMPLICON,586,5554996,SAMN15057970,3077672,SRX8463618,443koOP2017,2020-06-03T12:09:00Z,1231,1,
SRR11917249,AMPLICON,590,8353089,SAMN15057969,5996155,SRX8463617,514zeWP2017,2020-06-03T12:09:00Z,1216,6,
SRR11917250,AMPLICON,543,10916573,SAMN15057861,5874334,SRX8463616,916tsLS2017,2020-06-03T12:09:00Z,1111,4,
SRR11917251,AMPLICON,587,7906759,SAMN15057968,5549440,SRX8463615,73abOK2017,2020-06-03T12:09:00Z,1216,5,
SRR11917252,AMPLICON,595,4068366,SAMN15057967,3073554,SRX8463614,837twYB2017,2020-06-03T12:09:00Z,1216,3,
SRR11917253,AMPLICON,592,10179261,SAMN15057966,7161413,SRX8463613,844vkQT2017,2020-06-03T12:09:00Z,1216,2,
SRR11917254,AMPLICON,586,24058599,SAMN15057965,13245905,SRX8463612,866ddAG2017,2020-06-03T12:10:00Z,1216,8,
SRR11917255,AMPLICON,588,16657775,SAMN15057964,8948603,SRX8463611,230rwCD2017,2020-06-03T12:10:00Z,1216,7,
SRR11917256,AMPLICON,590,4725,SAMN15057963,84446,SRX8463610,727dcBG2017,2020-06-03T12:09:00Z,1216,4,
SRR11917257,AMPLICON,591,32544,SAMN15057962,100717,SRX8463609,242jsDC2017,2020-06-03T12:09:00Z,1216,3,
SRR11917258,AMPLICON,585,1898161,SAMN15057961,1204802,SRX8463608,256pfDW2017,2020-06-03T12:09:00Z,1216,2,
SRR11917259,AMPLICON,578,5193230,SAMN15057960,2988334,SRX8463607,868wnMZ2017,2020-06-03T12:09:00Z,1216,1,
SRR11917260,AMPLICON,591,8188238,SAMN15057959,5724849,SRX8463606,466tiVU2017,2020-06-03T12:09:00Z,1213,6,
SRR11917261,AMPLICON,528,2144404,SAMN15057860,1275798,SRX8463605,226ktRQ2017,2020-06-03T12:09:00Z,1111,2,
SRR11917262,AMPLICON,583,8144920,SAMN15057958,5714269,SRX8463604,254svNK2017,2020-06-03T12:09:00Z,1213,5,
SRR11917263,AMPLICON,593,5319650,SAMN15057957,3902985,SRX8463603,59fyOV2017,2020-06-03T12:09:00Z,1213,3,
SRR11917264,AMPLICON,590,8303026,SAMN15057956,5952120,SRX8463602,595ncXN2017,2020-06-03T12:09:00Z,1213,2,
SRR11917265,AMPLICON,586,4605761,SAMN15057955,2483213,SRX8463601,190rhOR2017,2020-06-03T12:09:00Z,1213,8,
SRR11917266,AMPLICON,589,53165484,SAMN15057954,28410331,SRX8463600,705mmJI2017,2020-06-03T12:10:00Z,1213,7,
SRR11917267,AMPLICON,583,8435082,SAMN15057953,4584103,SRX8463599,339xzWG2017,2020-06-03T12:09:00Z,1213,4,
SRR11917268,AMPLICON,577,3699703,SAMN15057952,2109839,SRX8463598,423htIO2017,2020-06-03T12:09:00Z,1213,1,
SRR11917269,AMPLICON,561,35839893,SAMN15057951,25117962,SRX8463597,561zsWK2017,2020-06-03T12:10:00Z,1212,9,
SRR11917270,AMPLICON,593,12119240,SAMN15057950,8461875,SRX8463596,89sjIY2017,2020-06-03T12:09:00Z,1212,6,
SRR11917271,AMPLICON,593,4311052,SAMN15057948,3120745,SRX8463595,169xtEZ2017,2020-06-03T12:09:00Z,1212,3,
SRR11917272,AMPLICON,586,5925606,SAMN15057947,4325634,SRX8463594,677jnJZ2017,2020-06-03T12:09:00Z,1212,2,
SRR11917273,AMPLICON,575,6449773,SAMN15057946,4622333,SRX8463593,935viJU2017,2020-06-03T12:09:00Z,1212,9,
SRR11917274,AMPLICON,587,4123606,SAMN15057945,2269279,SRX8463592,978yySH2017,2020-06-03T12:09:00Z,1212,8,
SRR11917275,AMPLICON,571,11439,SAMN15057944,87671,SRX8463591,946joQH2017,2020-06-03T12:09:00Z,1212,7,
SRR11917276,AMPLICON,545,8388041,SAMN15057943,4558003,SRX8463590,628vlLX2017,2020-06-03T12:09:00Z,1212,4,
SRR11917277,AMPLICON,446,6888805,SAMN15057942,3767073,SRX8463589,886czKJ2017,2020-06-03T12:09:00Z,1212,3,
SRR11917278,AMPLICON,546,6691664,SAMN15057941,3652081,SRX8463588,620jkNJ2017,2020-06-03T12:09:00Z,1212,1,
SRR11917279,AMPLICON,591,12644965,SAMN15057940,9128345,SRX8463587,370peCF2017,2020-06-03T12:09:00Z,1202,9,
SRR11917280,AMPLICON,594,15650800,SAMN15057939,11103080,SRX8463586,938oxOC2017,2020-06-03T12:10:00Z,1202,6,
SRR11917281,AMPLICON,587,2505826,SAMN15057858,1409051,SRX8463585,75njAX2017,2020-06-03T12:09:00Z,1111,1,
SRR11917282,AMPLICON,585,10124789,SAMN15057938,7061971,SRX8463584,363elHY2017,2020-06-03T12:10:00Z,1202,5,
SRR11917283,AMPLICON,593,7658395,SAMN15057937,5415501,SRX8463583,555jzUV2017,2020-06-03T12:09:00Z,1202,3,
SRR11917284,AMPLICON,593,13505596,SAMN15057936,9410341,SRX8463582,310dtUL2017,2020-06-03T12:10:00Z,1202,2,
SRR11917285,AMPLICON,579,7448745,SAMN15057935,4139730,SRX8463581,983ucKQ2017,2020-06-03T12:09:00Z,1202,8,
SRR11917286,AMPLICON,587,3350240,SAMN15057934,1926304,SRX8463580,478naDR2017,2020-06-03T12:09:00Z,1202,7,
SRR11917287,AMPLICON,569,3964103,SAMN15057933,2201419,SRX8463579,746mlZN2017,2020-06-03T12:09:00Z,1202,4,
SRR11917288,AMPLICON,559,318610,SAMN15057932,256008,SRX8463578,775uuLB2017,2020-06-03T12:09:00Z,1202,3,
SRR11917289,AMPLICON,575,8335613,SAMN15057931,4647011,SRX8463577,615fcJP2017,2020-06-03T12:09:00Z,1202,2,
SRR11917290,AMPLICON,585,3578009,SAMN15057930,2069278,SRX8463576,199mgSI2017,2020-06-03T12:09:00Z,1202,1,
SRR11917291,AMPLICON,569,7632457,SAMN15057929,5360561,SRX8463575,36awQA2017,2020-06-03T12:09:00Z,1156,6,
SRR11917292,AMPLICON,589,11692346,SAMN15057857,8252438,SRX8463574,535ndOP2017,2020-06-03T12:10:00Z,1105,6,
SRR11917293,AMPLICON,594,22187138,SAMN15057928,15403137,SRX8463573,812oeYL2017,2020-06-03T12:10:00Z,1156,5,
SRR11917294,AMPLICON,593,6776680,SAMN15057927,5060410,SRX8463572,534waMX2017,2020-06-03T12:09:00Z,1156,3,
SRR11917295,AMPLICON,589,10398301,SAMN15057926,7529052,SRX8463571,684loFP2017,2020-06-03T12:09:00Z,1156,2,
SRR11917296,AMPLICON,587,6060906,SAMN15057925,3336692,SRX8463570,616ufJH2017,2020-06-03T12:09:00Z,1156,4,
SRR11917297,AMPLICON,503,2337333,SAMN15057924,1328148,SRX8463569,419wgPP2017,2020-06-03T12:09:00Z,1156,1,
SRR11917298,AMPLICON,551,16188226,SAMN15057923,11932907,SRX8463568,409uwTQ2017,2020-06-03T12:10:00Z,1146,9,
SRR11917299,AMPLICON,557,9828166,SAMN15057949,7099092,SRX8463567,826vkJH2017,2020-06-03T12:09:00Z,1212,5,
SRR11917300,AMPLICON,586,34717762,SAMN15057859,18748881,SRX8463566,228cdFU2017,2020-06-03T12:10:00Z,1111,10,
SRR11917301,AMPLICON,588,2822335,SAMN15057850,1599855,SRX8463565,236zyJY2017,2020-06-03T12:09:00Z,1105,2,
SRR11917302,AMPLICON,585,6682793,SAMN15057849,3712745,SRX8463564,344tzUJ2017,2020-06-03T12:09:00Z,1105,1,
,,,,,,,,,,,
